-- phpMyAdmin SQL Dump
-- version 5.0.2
-- https://www.phpmyadmin.net/
--
-- Host: 127.0.0.1
-- Generation Time: Dec 03, 2020 at 08:21 AM
-- Server version: 10.4.11-MariaDB
-- PHP Version: 7.4.1

SET SQL_MODE = "NO_AUTO_VALUE_ON_ZERO";
START TRANSACTION;
SET time_zone = "+00:00";


/*!40101 SET @OLD_CHARACTER_SET_CLIENT=@@CHARACTER_SET_CLIENT */;
/*!40101 SET @OLD_CHARACTER_SET_RESULTS=@@CHARACTER_SET_RESULTS */;
/*!40101 SET @OLD_COLLATION_CONNECTION=@@COLLATION_CONNECTION */;
/*!40101 SET NAMES utf8mb4 */;

--
-- Database: `leather`
--

-- --------------------------------------------------------

--
-- Table structure for table `admin`
--

CREATE TABLE `admin` (
  `id` int(11) NOT NULL,
  `username` varchar(20) NOT NULL,
  `email` varchar(30) NOT NULL,
  `password` varchar(30) NOT NULL
) ENGINE=InnoDB DEFAULT CHARSET=utf8mb4;

--
-- Dumping data for table `admin`
--

INSERT INTO `admin` (`id`, `username`, `email`, `password`) VALUES
(1, 'admin', 'admin@gmail.com', 'admin');

-- --------------------------------------------------------

--
-- Table structure for table `cart`
--

CREATE TABLE `cart` (
  `cart_id` int(11) NOT NULL,
  `product_id` int(11) NOT NULL,
  `qty` int(11) NOT NULL,
  `total_price` int(11) NOT NULL,
  `cat_id` bigint(20) NOT NULL,
  `user_id` int(11) NOT NULL,
  `is_purchased` int(2) NOT NULL DEFAULT 0
) ENGINE=InnoDB DEFAULT CHARSET=latin1;

--
-- Dumping data for table `cart`
--

INSERT INTO `cart` (`cart_id`, `product_id`, `qty`, `total_price`, `cat_id`, `user_id`, `is_purchased`) VALUES
(5, 5, 2, 1998, 1, 1, 0),
(6, 4, 4, 3516, 7, 1, 0);

-- --------------------------------------------------------

--
-- Table structure for table `final_order`
--

CREATE TABLE `final_order` (
  `order_id` bigint(20) NOT NULL,
  `product_id` int(11) NOT NULL,
  `qty` int(11) NOT NULL,
  `product_price` int(11) NOT NULL,
  `user_id` int(11) NOT NULL,
  `order_type` varchar(50) NOT NULL DEFAULT 'COD',
  `user_name` varchar(50) NOT NULL,
  `user_email` varchar(50) NOT NULL,
  `user_mobile` varchar(50) NOT NULL,
  `user_address` text NOT NULL,
  `date` date NOT NULL,
  `time` time NOT NULL
) ENGINE=MyISAM DEFAULT CHARSET=latin1;

--
-- Dumping data for table `final_order`
--

INSERT INTO `final_order` (`order_id`, `product_id`, `qty`, `product_price`, `user_id`, `order_type`, `user_name`, `user_email`, `user_mobile`, `user_address`, `date`, `time`) VALUES
(1, 1, 3, 150, 1, 'COD', 'Akshay parekh', 'b', '1234567890', 'Kaanpur', '2020-05-29', '15:42:17');

-- --------------------------------------------------------

--
-- Table structure for table `product`
--

CREATE TABLE `product` (
  `product_id` int(11) NOT NULL,
  `product_name` varchar(50) NOT NULL,
  `product_price` varchar(50) NOT NULL,
  `product_image` text NOT NULL,
  `cat_id` bigint(20) DEFAULT NULL
) ENGINE=InnoDB DEFAULT CHARSET=latin1;

--
-- Dumping data for table `product`
--

INSERT INTO `product` (`product_id`, `product_name`, `product_price`, `product_image`, `cat_id`) VALUES
(1, 'Branded Leather bag', '50', 'Bag2.jpg', 1),
(2, 'Belt XL', '500', 'b1.jpeg', 7),
(3, 'Leather Belt MPolo', '429', 'b2.jpg', 7),
(4, 'Waist Belt', '879', 'b3.jpg', 7),
(5, 'Exclusive Bag', '999', 'bg1.jpg', 1),
(6, 'Office Bag', '1999', 'bg2.jpg', 1),
(7, 'Ladies Bag', '2999', 'bg3.jpg', 1),
(8, 'Travel Bag', '1599', 'bg4.jpg', 1),
(9, 'Lee Shoes', '5999', 'sh3.jpg', 2),
(10, 'Suede Shoes', '8999', 'sh2.jpg', 2),
(11, 'Leather Shoes', '6999', 'sh1.jpg', 2),
(12, 'Jacket XL', '7999', 'jk1.jpg', 6),
(13, 'Purse Exclusive', '1299', 'ps1.jpg', 3);

-- --------------------------------------------------------

--
-- Table structure for table `product_category`
--

CREATE TABLE `product_category` (
  `cat_id` bigint(20) NOT NULL,
  `cat_name` varchar(100) NOT NULL,
  `cat_image` text NOT NULL DEFAULT ''
) ENGINE=MyISAM DEFAULT CHARSET=latin1;

--
-- Dumping data for table `product_category`
--

INSERT INTO `product_category` (`cat_id`, `cat_name`, `cat_image`) VALUES
(1, 'Bags', 'bag.jpeg'),
(2, 'Shoes', '1.jpg'),
(3, 'Purse', 'purse.jpg'),
(6, 'Jacket', '2.jpg'),
(7, 'Belt', '3.jpg');

-- --------------------------------------------------------

--
-- Table structure for table `reg_form`
--

CREATE TABLE `reg_form` (
  `user_id` int(11) NOT NULL,
  `first_name` varchar(50) NOT NULL,
  `last_name` varchar(50) NOT NULL,
  `image` varchar(100) DEFAULT '',
  `address` text NOT NULL,
  `city` varchar(50) NOT NULL,
  `mobile_no` varchar(10) NOT NULL,
  `email` varchar(50) NOT NULL,
  `password` varchar(50) NOT NULL,
  `block` int(2) NOT NULL DEFAULT 0
) ENGINE=MyISAM DEFAULT CHARSET=latin1;

--
-- Dumping data for table `reg_form`
--

INSERT INTO `reg_form` (`user_id`, `first_name`, `last_name`, `image`, `address`, `city`, `mobile_no`, `email`, `password`, `block`) VALUES
(1, 'Akshay', 'Parekh', '1_userImage.jpg', 'Kaanpur', 'Kaanpur', '1234567890', 'b', 'b', 0);

-- --------------------------------------------------------

--
-- Table structure for table `wallet`
--

CREATE TABLE `wallet` (
  `id` bigint(20) NOT NULL,
  `user_id` bigint(20) NOT NULL,
  `amount` int(11) NOT NULL DEFAULT 0
) ENGINE=InnoDB DEFAULT CHARSET=utf8mb4;

--
-- Indexes for dumped tables
--

--
-- Indexes for table `admin`
--
ALTER TABLE `admin`
  ADD PRIMARY KEY (`id`);

--
-- Indexes for table `cart`
--
ALTER TABLE `cart`
  ADD PRIMARY KEY (`cart_id`);

--
-- Indexes for table `final_order`
--
ALTER TABLE `final_order`
  ADD PRIMARY KEY (`order_id`);

--
-- Indexes for table `product`
--
ALTER TABLE `product`
  ADD PRIMARY KEY (`product_id`);

--
-- Indexes for table `product_category`
--
ALTER TABLE `product_category`
  ADD PRIMARY KEY (`cat_id`);

--
-- Indexes for table `reg_form`
--
ALTER TABLE `reg_form`
  ADD PRIMARY KEY (`user_id`);

--
-- AUTO_INCREMENT for dumped tables
--

--
-- AUTO_INCREMENT for table `admin`
--
ALTER TABLE `admin`
  MODIFY `id` int(11) NOT NULL AUTO_INCREMENT, AUTO_INCREMENT=2;

--
-- AUTO_INCREMENT for table `cart`
--
ALTER TABLE `cart`
  MODIFY `cart_id` int(11) NOT NULL AUTO_INCREMENT, AUTO_INCREMENT=7;

--
-- AUTO_INCREMENT for table `final_order`
--
ALTER TABLE `final_order`
  MODIFY `order_id` bigint(20) NOT NULL AUTO_INCREMENT, AUTO_INCREMENT=2;

--
-- AUTO_INCREMENT for table `product`
--
ALTER TABLE `product`
  MODIFY `product_id` int(11) NOT NULL AUTO_INCREMENT, AUTO_INCREMENT=14;

--
-- AUTO_INCREMENT for table `product_category`
--
ALTER TABLE `product_category`
  MODIFY `cat_id` bigint(20) NOT NULL AUTO_INCREMENT, AUTO_INCREMENT=8;

--
-- AUTO_INCREMENT for table `reg_form`
--
ALTER TABLE `reg_form`
  MODIFY `user_id` int(11) NOT NULL AUTO_INCREMENT, AUTO_INCREMENT=4;
COMMIT;

/*!40101 SET CHARACTER_SET_CLIENT=@OLD_CHARACTER_SET_CLIENT */;
/*!40101 SET CHARACTER_SET_RESULTS=@OLD_CHARACTER_SET_RESULTS */;
/*!40101 SET COLLATION_CONNECTION=@OLD_COLLATION_CONNECTION */;
